from_user,to_user
rox,tatum_frankie
sage_id,rox88
user_morgan,its_bowie
taylor,real_luca
real_luca,its_bowie
ms_casey,mr_cleo
morgan_,ms_casey
rox88,just_oakley
dr_milo,just_taylor
just_taylor,im_frankie
charlie_id,just_quinn
just_jamie,user_morgan
jamie_harley,rox
lane_haze,taylor_onyx
user_mason,rox88
the_sam,just_oakley
xen,user_morgan
charlie_taylor,kendall_haze
user_morgan,cleo
drew99,cleo
charlie_taylor,tatum7
haze_charlie,just_nico
ms_eden,rox_avery
drew99,user_morgan
charlie_id,ion_luca
the_frankie,ms_rox
remy88,just_nico
pax_nico,dr_morgan
ms_eden,ezra99
im_luca,the_frankie
ion_riley,tatum_frankie
mr_cleo,sage_gray
its_bowie,real_luca
harley_remy,morgan_
kendall_haze,the_sam
mr_quinn,xen_blake
sage_gray,just_nico
lane_haze,rox
paris_demi,kendall_haze
dr_morgan,eden_milo
taylor,mr_bowie
haze_charlie,just_quinn
im_val,remy_paris
ms_riley,haze_taylor
paris_demi,pax_nico
charlie_taylor,frankie88
paris_urban,the_frankie
remy88,user_harley
sage_gray,the_urban
taylor_onyx,user_mason
taylor,hey_pax
user_morgan,eden_milo
taylor,just_quinn
user_morgan,its_morgan
frankie88,ezra99
taylor_onyx,eden_milo
sage_id,taylor
sage_gray,cleo
user_morgan,just_jamie
cleo,paris_urban
gray_ezra,im_frankie
urban_drew,ms_eden
haze_taylor,its_pax
just_nico,charlie_taylor
user_morgan,urban_drew
dr_demi,paris_urban
charlie_taylor,blake99
user_morgan,tatum_frankie
eden_official,lane_haze
cleo_juno,user_morgan
user_morgan,fern99
its_pax,lane_haze
the_urban,its_pax
just_taylor,ms_rox
charlie_id,its_morgan
real_haze,mr_cleo
user_morgan,just_quinn
drew99,its_morgan
urban_drew,charlie_id
its_morgan,lane_haze
charlie_id,kendall_haze
just_nico,user_mason
rox88,dr_morgan
ms_eden,paris_urban
user_harley,its_bowie
user_morgan,sage_id
gray_ezra,just_quinn
sage_gray,eden_milo
haze_x,rox_avery
indigo_id,just_quinn
drew99,eden_milo
charlie_taylor,taylor_onyx
tatum_sam,user_mason
mr_bowie,just_nico
taylor_onyx,ms_rox
the_frankie,just_taylor
sage_id,harley_remy
just_casey,just_oakley
just_nico,kendall_haze
ion_riley,kendall_haze
drew99,mr_cleo
hey_pax,riley_official
its_morgan,ion_riley
just_quinn,eden_milo
its_charlie,rox
ms_rox,haze_charlie
charlie_id,its_bowie
taylor_onyx,rox88
cleo_juno,gray_ezra
the_sam,paris_urban
indigo_id,haze_x
rox_avery,its_bowie
ms_riley,paris_urban
charlie_taylor,haze_x
its_bowie,the_frankie
real_haze,the_urban
kendall_haze,dr_milo
riley_official,hey_pax
xen,jamie_harley
haze_x,im_zara
just_taylor,mr_cleo
haze_taylor,tatum_frankie
taylor,haze_taylor
xen_morgan,harley_remy
charlie_taylor,ion_riley
tatum_frankie,haze_x
gray_ezra,cleo
its_charlie,charlie_id
tatum7,im_zara
its_morgan,harley_remy
paris_urban,the_sam
its_bowie,just_casey
ms_riley,im_zara
charlie_id,tatum_frankie
its_morgan,charlie_taylor
lane_haze,pax_nico
remy88,xen
just_oakley,drew_jordan
dr_morgan,taylor
tatum7,dr_morgan
real_haze,just_oakley
rox,eden_milo
paris_urban,real_luca
its_charlie,just_nico
tatum7,its_pax
ms_casey,user_harley
real_haze,ms_casey
im_luca,dr_demi
jamie_harley,drew99
riley_official,jamie_harley
dr_demi,haze_x
just_nico,just_quinn
just_nico,just_taylor
xen_morgan,eden_official
just_nico,drew_jordan
urban_drew,user_morgan
charlie_taylor,haze_taylor
haze7,just_taylor
lane_haze,user_mason
dr_morgan,rox88
just_oakley,cleo_juno
ms_fern,charlie_taylor
ion_riley,sage_gray
blake99,rox
im_frankie,charlie_taylor
ms_eden,its_pax
fern99,rox
jamie_harley,harley_remy
its_morgan,dr_demi
remy_paris,im_luca
user_morgan,user_harley
remy_paris,its_charlie
morgan_,frankie88
mr_quinn,just_jamie
real_luca,rox_avery
user_morgan,blake99
xen,xen_morgan
rox_avery,cleo_juno
im_zara,just_oakley
dr_morgan,just_quinn
jamie_harley,ion_riley
tatum_sam,xen_morgan
just_nico,ms_eden
morgan_,remy88
tatum7,harley_remy
haze_taylor,ion_riley
user_harley,eden_official
taylor_onyx,eden_official
frankie88,lane_haze
taylor,morgan_
rox88,the_sam
charlie_taylor,xen_blake
taylor,its_pax
remy88,just_taylor
morgan_,just_oakley
just_casey,xen
remy88,drew_jordan
its_morgan,its_bowie
taylor_onyx,just_fern
paris_demi,drew99
remy88,tatum_frankie
its_morgan,just_nico
fern99,ms_casey
mr_cleo,its_bowie
its_morgan,hey_pax
remy88,pax_nico
ms_riley,user_morgan
the_sam,harley_remy
just_oakley,haze7
rox,haze_charlie
taylor_onyx,the_frankie
morgan_,pax_nico
fern99,ms_rox
riley_official,paris_urban
eden_milo,charlie_taylor
ms_eden,im_frankie
hey_pax,mr_cleo
ion_luca,rox
mr_cleo,taylor
im_frankie,eden_milo
its_bowie,haze_x
morgan_,ion_luca
rox,mr_quinn
ms_riley,xen_morgan
remy_paris,tatum_frankie
morgan_,cleo
just_oakley,harley_remy
taylor_onyx,just_nico
sage_gray,real_haze
user_morgan,just_oakley
indigo_id,mr_cleo
riley_official,just_quinn
remy88,ion_luca
jamie_harley,riley_official
remy_paris,real_luca
the_urban,ms_rox
the_sam,kendall_haze
morgan_,paris_urban
remy88,fern99
indigo_id,rox
frankie88,rox
kendall_haze,ms_eden
haze7,remy88
eden_milo,haze_taylor
just_taylor,user_morgan
real_haze,rox88
rox_avery,indigo_id
ion_luca,dr_milo
just_jamie,ms_fern
the_urban,tatum_sam
ms_eden,remy88
just_fern,just_oakley
its_bowie,user_harley
im_zara,ion_riley
user_harley,the_urban
haze_charlie,rox88
ms_casey,real_luca
ms_rox,im_frankie
mr_bowie,rox
user_morgan,taylor
real_haze,xen_blake
taylor,cleo_juno
ezra99,the_sam
rox88,mr_bowie
user_harley,just_oakley
the_frankie,tatum_frankie
im_val,just_oakley
dr_demi,user_morgan
morgan_,just_nico
just_taylor,charlie_id
charlie_id,ms_rox
sage_gray,pax_nico
eden_official,just_oakley
just_oakley,user_mason
just_taylor,hey_pax
ms_fern,im_luca
its_bowie,sage_gray
charlie_taylor,im_val
mr_quinn,riley_official
just_nico,its_morgan
mr_cleo,just_taylor
gray_ezra,ion_luca
real_haze,haze_charlie
taylor,user_morgan
paris_demi,indigo_id
charlie_taylor,real_luca
jamie_harley,morgan_
ion_riley,pax_nico
im_val,just_quinn
indigo_id,cleo
just_jamie,cleo_juno
hey_pax,paris_urban
tatum7,xen_blake
user_mason,paris_urban
tatum_frankie,fern99
dr_morgan,lane_haze
drew_jordan,harley_remy
lane_haze,sage_gray
just_quinn,mr_quinn
indigo_id,paris_demi
taylor,riley_official
morgan_,just_quinn
frankie88,xen_morgan
just_fern,ms_rox
ezra99,just_oakley
rox,harley_remy
just_casey,drew_jordan
remy88,cleo_juno
im_frankie,fern99
rox_avery,ezra99
just_casey,morgan_
haze_charlie,paris_urban
ezra99,rox
taylor,just_jamie
just_nico,just_oakley
its_morgan,tatum_sam
remy88,the_urban
sage_gray,the_frankie
dr_milo,ezra99
riley_official,cleo_juno
user_mason,blake99
blake99,drew99
urban_drew,ezra99
ms_riley,haze7
just_fern,the_sam
frankie88,ms_fern
morgan_,its_bowie
just_nico,drew99
riley_official,im_luca
taylor,ms_riley
ion_riley,cleo
im_zara,morgan_
charlie_id,ezra99
paris_urban,its_bowie
xen_blake,the_sam
gray_ezra,morgan_
taylor_onyx,ezra99
its_pax,harley_remy
indigo_id,the_sam
its_morgan,rox
remy88,its_pax
ion_luca,frankie88
just_casey,paris_urban
its_charlie,haze7
user_morgan,just_taylor
hey_pax,morgan_
its_bowie,cleo
just_quinn,pax_nico
eden_milo,remy_paris
rox,xen
tatum_frankie,remy88
just_nico,dr_milo
remy88,cleo
just_oakley,just_quinn
riley_official,tatum7
taylor_onyx,jamie_harley
gray_ezra,jamie_harley
mr_cleo,ms_casey
just_jamie,remy_paris
its_bowie,riley_official
haze_taylor,eden_milo
its_bowie,dr_milo
frankie88,eden_official
xen,mr_cleo
just_nico,frankie88
taylor_onyx,mr_quinn
haze_taylor,im_frankie
real_haze,im_zara
blake99,indigo_id
its_bowie,drew99
rox88,the_urban
just_casey,kendall_haze
mr_quinn,rox
rox,xen_morgan
taylor_onyx,rox_avery
ion_luca,the_sam
charlie_taylor,gray_ezra
the_frankie,cleo
taylor_onyx,just_jamie
ms_casey,xen_blake
indigo_id,just_oakley
charlie_taylor,eden_official
its_morgan,ezra99
xen,eden_milo
gray_ezra,user_mason
dr_demi,just_oakley
just_casey,xen_morgan
im_val,eden_milo
sage_gray,rox
riley_official,haze_taylor
real_haze,dr_demi
ion_riley,jamie_harley
rox88,just_quinn
ms_eden,charlie_taylor
just_taylor,the_sam
taylor,haze_x
just_oakley,rox
haze_x,ms_riley
its_bowie,gray_ezra
taylor,just_fern
user_mason,dr_morgan
im_val,mr_cleo
im_val,mr_quinn
harley_remy,gray_ezra
user_mason,just_nico
the_urban,user_morgan
riley_official,ion_riley
paris_urban,tatum_frankie
mr_bowie,haze_taylor
its_bowie,just_jamie
user_harley,the_sam
cleo_juno,dr_demi
just_quinn,ion_luca
tatum_sam,the_sam
taylor_onyx,charlie_taylor
user_harley,harley_remy
hey_pax,rox
ion_luca,cleo
user_morgan,tatum_sam
tatum_sam,fern99
sage_id,hey_pax
morgan_,ms_riley
gray_ezra,ezra99
jamie_harley,sage_gray
morgan_,kendall_haze
user_harley,ms_casey
haze_charlie,its_morgan
haze_taylor,harley_remy
morgan_,rox_avery
xen,remy_paris
ezra99,its_morgan
pax_nico,user_morgan
indigo_id,ion_riley
ion_luca,the_urban
ezra99,haze_x
remy_paris,ms_fern
dr_milo,remy88
its_morgan,haze7
taylor,pax_nico
its_charlie,morgan_
just_fern,paris_urban
taylor,haze7
haze_charlie,lane_haze
sage_id,drew99
ms_casey,its_bowie
pax_nico,tatum_frankie
just_nico,user_morgan
xen,its_bowie
ezra99,kendall_haze
eden_official,drew_jordan
just_quinn,kendall_haze
real_haze,ion_luca
user_harley,tatum_frankie
fern99,cleo_juno
eden_official,user_morgan
mr_bowie,tatum_sam
tatum7,the_sam
remy88,rox
im_val,dr_demi
remy88,eden_milo
lane_haze,mr_quinn
kendall_haze,drew_jordan
lane_haze,just_taylor
haze_taylor,user_morgan
ion_riley,mr_cleo
taylor,gray_ezra
charlie_id,just_nico
taylor,eden_milo
sage_id,mr_quinn
kendall_haze,harley_remy
its_bowie,kendall_haze
ion_riley,haze_taylor
just_jamie,charlie_id
rox88,user_morgan
its_morgan,frankie88
its_bowie,frankie88
haze_x,harley_remy
its_charlie,user_harley
dr_demi,dr_milo
jamie_harley,haze_charlie
morgan_,taylor_onyx
tatum7,fern99
morgan_,the_sam
haze7,taylor
rox88,just_fern
the_sam,rox
just_jamie,mr_cleo
indigo_id,im_val
remy88,just_oakley
taylor_onyx,xen
gray_ezra,urban_drew
haze_x,tatum_frankie
haze_charlie,tatum_sam
haze_x,pax_nico
lane_haze,just_oakley
tatum_sam,drew99
blake99,ms_casey
drew_jordan,just_oakley
gray_ezra,just_oakley
sage_id,paris_urban
user_morgan,haze_x
jamie_harley,eden_milo
drew_jordan,im_luca
ezra99,mr_quinn
ion_luca,paris_urban
mr_quinn,harley_remy
im_zara,user_morgan
ion_riley,harley_remy
im_zara,its_pax
ms_casey,just_nico
real_haze,user_mason
charlie_taylor,riley_official
the_frankie,lane_haze
xen_morgan,just_jamie
xen_blake,cleo
riley_official,eden_milo
blake99,mr_quinn
drew99,paris_demi
just_quinn,ms_fern
im_frankie,im_luca
just_jamie,drew99
gray_ezra,its_bowie
im_luca,charlie_id
ezra99,blake99
remy_paris,taylor_onyx
im_val,rox
riley_official,sage_gray
its_bowie,just_taylor
jamie_harley,blake99
riley_official,paris_demi
just_taylor,paris_urban
tatum_sam,lane_haze
dr_milo,eden_milo
xen_blake,real_haze
lane_haze,just_quinn
gray_ezra,drew_jordan
taylor_onyx,morgan_
im_luca,just_nico
urban_drew,pax_nico
harley_remy,ion_riley
drew_jordan,tatum_frankie
drew99,rox
its_morgan,just_casey
sage_gray,paris_urban
tatum_sam,dr_demi
its_charlie,dr_demi
im_zara,rox88
im_luca,mr_bowie
fern99,drew99
im_frankie,paris_urban
user_morgan,just_nico
its_morgan,ms_rox
fern99,im_zara
blake99,im_zara
dr_morgan,paris_urban
its_bowie,cleo_juno
just_oakley,paris_urban
im_zara,haze_x
rox_avery,just_oakley
cleo,harley_remy
ms_rox,just_quinn
user_morgan,mr_quinn
its_bowie,im_luca
taylor_onyx,just_oakley
just_taylor,drew99
rox,paris_demi
ms_rox,rox_avery
real_haze,ezra99
gray_ezra,the_urban
real_haze,user_morgan
drew99,remy88
pax_nico,the_urban
ion_luca,just_taylor
its_morgan,rox_avery
real_luca,tatum_sam
eden_milo,the_frankie
eden_official,its_bowie
haze_x,frankie88
just_jamie,just_nico
charlie_taylor,its_charlie
its_bowie,just_oakley
ms_fern,haze_charlie
user_morgan,paris_urban
real_luca,the_sam
remy_paris,ms_eden
ms_riley,just_quinn
dr_demi,charlie_taylor
blake99,its_bowie
ms_rox,its_pax
remy88,blake99
ezra99,dr_demi
rox88,charlie_taylor
pax_nico,rox
taylor,eden_official
taylor,im_val
tatum_sam,rox88
cleo_juno,kendall_haze
taylor,charlie_id
taylor_onyx,frankie88
cleo_juno,tatum_frankie
taylor,its_bowie
xen,indigo_id
morgan_,sage_gray
just_taylor,tatum_sam
haze_charlie,pax_nico
eden_official,just_quinn
urban_drew,just_quinn
mr_cleo,just_nico
paris_urban,just_quinn
remy88,mr_cleo
paris_demi,real_haze
charlie_id,tatum7
the_frankie,rox
im_luca,urban_drew
ms_fern,tatum7
taylor,kendall_haze
its_bowie,just_fern
paris_demi,user_harley
dr_morgan,just_oakley
dr_morgan,its_morgan
pax_nico,the_frankie
its_charlie,kendall_haze
drew_jordan,just_quinn
harley_remy,kendall_haze
xen,blake99
rox_avery,user_morgan
just_fern,im_zara
ms_casey,tatum_frankie
paris_urban,hey_pax
charlie_taylor,paris_urban
fern99,im_frankie
pax_nico,paris_demi
paris_demi,rox
im_luca,just_quinn
taylor,ms_rox
user_morgan,charlie_taylor
haze_x,the_sam
riley_official,its_morgan
im_val,its_charlie
indigo_id,just_jamie
paris_urban,user_morgan
the_frankie,user_morgan
its_morgan,just_jamie
just_quinn,the_urban
real_haze,rox
user_morgan,user_mason
im_luca,xen
harley_remy,remy88
remy_paris,harley_remy
morgan_,im_val
harley_remy,rox
taylor,user_harley
the_urban,haze7
rox,charlie_taylor
rox88,ms_fern
kendall_haze,rox
charlie_id,im_val
its_bowie,im_val
user_morgan,ms_casey
kendall_haze,im_zara
cleo_juno,tatum7
drew_jordan,ms_rox
urban_drew,rox
haze_taylor,gray_ezra
just_jamie,im_val
ion_luca,haze_taylor
remy88,user_morgan
ms_eden,ion_riley
taylor_onyx,tatum_frankie
user_morgan,dr_morgan
user_morgan,kendall_haze
the_urban,ms_fern
taylor,just_nico
just_jamie,ion_luca
its_pax,gray_ezra
user_morgan,the_sam
taylor_onyx,ms_riley
the_urban,user_harley
taylor,remy_paris
just_casey,user_morgan
taylor_onyx,drew_jordan
its_charlie,charlie_taylor
just_casey,just_fern
rox_avery,urban_drew
dr_morgan,ion_riley
dr_morgan,its_bowie
taylor,im_frankie
frankie88,urban_drew
the_urban,the_sam
blake99,kendall_haze
remy_paris,cleo_juno
indigo_id,dr_morgan
taylor_onyx,indigo_id
charlie_taylor,just_casey
gray_ezra,ms_rox
im_val,just_jamie
its_morgan,real_haze
charlie_id,user_mason
its_bowie,charlie_id
im_frankie,kendall_haze
its_bowie,its_pax
charlie_taylor,rox_avery
im_frankie,lane_haze
its_bowie,real_haze
im_frankie,its_bowie
mr_bowie,harley_remy
rox_avery,xen_blake
haze_charlie,sage_gray
drew_jordan,rox
paris_urban,ms_rox
ms_rox,rox
sage_gray,taylor
xen,drew99
tatum_sam,ion_luca
ezra99,ion_luca
user_morgan,lane_haze
ms_rox,jamie_harley
im_zara,the_sam
eden_milo,tatum7
morgan_,paris_demi
remy88,lane_haze
mr_quinn,kendall_haze
real_luca,hey_pax
its_bowie,dr_demi
rox88,charlie_id
haze_taylor,user_mason
kendall_haze,lane_haze
user_harley,riley_official
morgan_,harley_remy
real_haze,eden_milo
gray_ezra,xen_morgan
indigo_id,jamie_harley
taylor,im_luca
im_frankie,tatum_frankie
rox,dr_demi
the_sam,its_charlie
just_oakley,just_casey
sage_gray,eden_official
user_mason,tatum_frankie
morgan_,xen
charlie_taylor,xen_morgan
ms_rox,harley_remy
real_haze,ion_riley
dr_demi,indigo_id
rox88,eden_official
haze_x,kendall_haze
drew99,ion_riley
morgan_,mr_bowie
the_frankie,its_bowie
xen_blake,just_nico
remy_paris,mr_bowie
its_bowie,paris_urban
ms_riley,its_bowie
harley_remy,its_pax
im_zara,its_bowie
haze7,paris_urban
its_pax,pax_nico
user_mason,drew99
just_quinn,remy88
its_morgan,sage_gray
ezra99,tatum_frankie
charlie_id,morgan_
tatum_sam,rox
frankie88,just_quinn
paris_demi,user_morgan
morgan_,ms_fern
charlie_taylor,ms_casey
its_pax,just_taylor
real_haze,the_sam
just_quinn,haze_taylor
ms_casey,ms_riley
drew99,dr_milo
urban_drew,haze7
dr_demi,xen_morgan
user_mason,user_morgan
the_sam,urban_drew
eden_official,kendall_haze
user_harley,its_pax
ms_rox,its_morgan
rox88,tatum_sam
riley_official,harley_remy
haze_taylor,ion_luca
charlie_taylor,real_haze
taylor_onyx,just_quinn
pax_nico,harley_remy
xen,paris_urban
its_morgan,user_mason
charlie_taylor,im_frankie
its_morgan,gray_ezra
im_zara,blake99
urban_drew,ms_riley
ms_casey,paris_urban
rox_avery,sage_id
its_bowie,ms_fern
dr_morgan,im_luca
frankie88,haze7
hey_pax,its_bowie
indigo_id,harley_remy
tatum_sam,im_zara
gray_ezra,harley_remy
cleo_juno,paris_urban
the_urban,rox
gray_ezra,dr_morgan
mr_bowie,mr_cleo
real_haze,just_taylor
user_morgan,remy88
mr_quinn,cleo_juno
mr_cleo,kendall_haze
its_bowie,sage_id
eden_official,remy88
just_oakley,the_sam
remy88,kendall_haze
ms_riley,rox
ms_fern,the_urban
fern99,just_taylor
xen_blake,paris_urban
morgan_,ion_riley
just_taylor,tatum_frankie
pax_nico,morgan_
remy88,tatum_sam
just_oakley,just_nico
ms_fern,haze_taylor
taylor,drew99
remy88,ms_eden
ms_casey,charlie_taylor
im_luca,the_sam
morgan_,haze_charlie
gray_ezra,haze_charlie
im_zara,remy_paris
its_morgan,cleo_juno
riley_official,morgan_
remy88,haze_taylor
charlie_id,drew99
charlie_taylor,taylor
charlie_taylor,sage_gray
im_zara,dr_morgan
rox,fern99
paris_urban,ms_eden
drew_jordan,just_casey
morgan_,ms_eden
just_quinn,cleo_juno
morgan_,just_fern
its_morgan,mr_bowie
morgan_,user_morgan
tatum7,mr_cleo
morgan_,haze_x
its_bowie,rox_avery
real_haze,hey_pax
ms_casey,lane_haze
im_val,rox88
gray_ezra,im_val
ion_luca,indigo_id
haze_charlie,xen
mr_bowie,the_frankie
drew99,haze_x
ion_riley,its_morgan
urban_drew,drew_jordan
im_zara,ms_riley
remy88,mr_bowie
taylor_onyx,real_luca
remy88,just_casey
im_frankie,haze7
haze_x,the_frankie
its_pax,its_bowie
just_quinn,rox_avery
taylor,rox88
sage_id,taylor_onyx
tatum_sam,its_morgan
xen,its_pax
charlie_taylor,charlie_id
haze_taylor,remy_paris
user_morgan,xen
jamie_harley,taylor_onyx
jamie_harley,tatum_frankie
mr_bowie,im_frankie
drew99,just_quinn
user_harley,haze_x
harley_remy,the_urban
haze_x,its_morgan
the_frankie,haze_charlie
ms_riley,morgan_
tatum7,mr_quinn
drew_jordan,charlie_taylor
dr_milo,taylor
user_morgan,ion_luca
eden_official,tatum7
lane_haze,the_sam
xen_blake,user_morgan
tatum_frankie,drew_jordan
charlie_taylor,drew_jordan
sage_id,cleo_juno
sage_gray,just_oakley
real_haze,mr_bowie
ms_rox,charlie_id
remy_paris,the_urban
gray_ezra,just_fern
just_jamie,just_oakley
its_bowie,xen_blake
charlie_id,cleo_juno
remy88,xen_blake
ms_rox,user_morgan
remy_paris,its_pax
eden_milo,im_val
rox_avery,tatum7
user_mason,just_taylor
riley_official,gray_ezra
drew99,haze_taylor
ion_luca,paris_demi
im_frankie,user_morgan
sage_gray,just_fern
just_jamie,ms_riley
just_quinn,paris_urban
just_quinn,gray_ezra
its_morgan,eden_official
mr_bowie,user_mason
urban_drew,the_urban
riley_official,ms_fern
paris_demi,im_frankie
ms_casey,the_frankie
gray_ezra,ms_riley
haze7,mr_quinn
ms_eden,haze7
fern99,just_oakley
dr_milo,drew99
rox_avery,dr_milo
the_urban,ezra99
tatum7,indigo_id
real_luca,ms_casey
user_mason,user_harley
taylor_onyx,sage_id
paris_urban,its_charlie
tatum_sam,just_oakley
its_bowie,harley_remy
xen_blake,xen_morgan
charlie_taylor,the_frankie
taylor,sage_gray
eden_milo,just_oakley
charlie_id,its_pax
fern99,sage_gray
rox88,real_luca
hey_pax,real_luca
paris_urban,ion_luca
im_zara,im_luca
the_sam,xen_morgan
paris_demi,haze_charlie
taylor_onyx,ms_casey
lane_haze,just_jamie
charlie_taylor,user_morgan
eden_official,drew99
taylor_onyx,its_morgan
im_frankie,sage_gray
taylor_onyx,cleo
haze_charlie,morgan_
xen,cleo
sage_id,user_morgan
charlie_taylor,ezra99
just_fern,ms_eden
sage_id,frankie88
charlie_taylor,dr_demi
morgan_,tatum_frankie
taylor,user_mason
just_jamie,tatum_frankie
mr_bowie,pax_nico
taylor_onyx,user_morgan
xen_morgan,kendall_haze
user_morgan,dr_milo
haze_charlie,real_haze
charlie_id,sage_gray
charlie_taylor,haze_charlie
rox,remy_paris
the_urban,tatum_frankie
paris_demi,paris_urban
fern99,paris_urban
just_nico,paris_urban
sage_gray,im_val
remy_paris,morgan_
im_frankie,frankie88
pax_nico,blake99
real_haze,dr_morgan
dr_demi,tatum_frankie
just_quinn,im_frankie
taylor,fern99
harley_remy,ms_riley
cleo_juno,drew99
remy88,hey_pax
mr_bowie,just_casey
taylor,blake99
frankie88,eden_milo
ms_riley,harley_remy
ion_luca,tatum_frankie
remy88,the_sam
hey_pax,indigo_id
dr_demi,mr_quinn
its_pax,remy88
tatum_sam,eden_milo
morgan_,im_luca
ms_eden,ms_rox
paris_demi,urban_drew
mr_bowie,ms_rox
the_frankie,paris_urban
